"index","url","domain","creation_date"
"1","http://www.amallison.free-online.co.uk/","",""
"2","https://www.ernst-huber.de/lohr/","",""
"3","https://beno.uk/urbex/","beno.uk","2019-07-01"
"4","https://www.lirc.org/","",""
"5","http://webarchive.me/geocities/SiliconValley/2484/","webarchive.me","2025-05-30"
"6","http://webarchive.me/geocities/SiliconValley/Garage/7148/","webarchive.me","2025-05-30"
"7","http://webarchive.me/geocities/Tokyo/Island/2702/","webarchive.me","2025-05-30"
"8","https://whatsitsgalore.com/","whatsitsgalore.com","2005-01-02"
"9","http://totton.idirect.com/abacus/","totton.idirect.com","1994-11-21"
"10","http://www.middleeast.com/baalbeck.htm","middleeast.com","1995-05-11"
"11","http://www.imitationpickles.org/ld487/","imitationpickles.org","1999-01-09"
"12","https://www.sandiegoragtime.com/","sandiegoragtime.com","2005-11-25"
"13","https://justinjackson.ca/webmaster/","justinjackson.ca","2007-12-24"
"14","https://www.tennmetroplex.com/","tennmetroplex.com","2009-10-26"
"15","https://portal.phreaknet.org/","portal.phreaknet.org","2019-11-28"
"16","https://owrigami.com/index.htm","owrigami.com","2014-02-18"
"17","https://www.poleshift.org/sublim/","poleshift.org","1997-12-15"
"18","https://jproc.ca/radiostor/reading.html","jproc.ca","2005-01-01"
"19","https://www.scheul.de/","",""
"20","https://www.hlcu.com/","hlcu.com","2002-11-15"
"21","https://penger.city/","",""
"22","https://www.crystalinks.com/mythical_civilizations.html","crystalinks.com","1997-09-12"
"23","https://spam.budwin.net/","spam.budwin.net","2005-03-27"
"24","http://www.ancient-wisdom.com/","",""
"25","https://mathcs.clarku.edu/~djoyce/elements/toc.html","",""
"26","https://www.mime.info/","mime.info","2001-09-22"
"27","https://takena.pussycat.jp/","takena.pussycat.jp","2001-12-20"
"28","https://www.lemmykoopa.com/lk17.html","lemmykoopa.com","2002-07-16"
"29","https://fondulike.tramwayinfo.com/","",""
"30","http://www.evfinder.com/","evfinder.com","2002-05-05"
"31","https://zeerovery.nl/history/","zeerovery.nl","2009-05-22"
"32","http://icyousee.org/","icyousee.org","2012-05-11"
"33","https://www.fordscorpio.co.uk/index.html","fordscorpio.co.uk","2001-10-04"
"34","https://www.greatdreams.com/gem1.htm","greatdreams.com","1997-11-16"
"35","http://www.vitriol.com/","",""
"36","https://www.anahuactexasindependence.com/","",""
"37","https://solarviews.com/","solarviews.com","1999-06-16"
"38","https://www.mit.edu/~rei/Birds.html","mit.edu","1985-05-23"
"39","https://asdf.com/","",""
"40","https://www.reptoids.com/Vault/AllNewArticles/Tunnelsandshuttles.htm","reptoids.com","1997-07-22"
"41","http://www.chris-winter.com/Erudition/Reviews/Anthropo/Carr_N/Shallows.html","chris-winter.com","2001-11-30"
"42","https://www.2meta.com/april-fools/","2meta.com","1996-11-25"
"43","https://mcdim.xyz/essays/hens.html","mcdim.xyz","2021-03-16"
"44","https://danyk.cz/test18650_en.html","danyk.cz","2011-12-21"
"45","https://aaroncake.net/","",""
"46","https://www.octanecreative.com/joker/","octanecreative.com","1999-11-21"
"47","https://www.modulatedlight.org/optical_comms/optical_index.html","modulatedlight.org","2007-12-04"
"48","https://insectoid.budwin.net/dos/descent/d1robots.html","",""
"49","https://www.cmkosemen.com/snaiad_web/sndcladesturtiformes.html","cmkosemen.com","2012-11-29"
"50","http://atsf.railfan.net/","",""
"51","https://www.ucw.cz/","",""
"52","https://www.thematrix101.com/","thematrix101.com","2003-05-06"
"53","https://www.cyberspaceorbit.com/WEATHER.html","cyberspaceorbit.com","1999-09-01"
"54","https://botit.botany.wisc.edu/","botit.botany.wisc.edu","1985-09-30"
"55","https://www.thedieselshop.us/","thedieselshop.us","2004-06-17"
"56","https://www.echonyc.com/~jkarpf/home/warnke.html","echonyc.com","1993-06-08"
"57","http://laputan.org/mud/mud.html","laputan.org","1998-11-13"
"58","https://astraltraveler.com/","astraltraveler.com","1998-12-10"
"59","http://webarchive.me/geocities/SiliconValley/Bay/5707/qbasic.html","webarchive.me","2025-05-30"
"60","https://jjharley.co.uk/","jjharley.co.uk","2021-12-25"
"61","https://www.americanlongrifles.com/","",""
"62","http://webarchive.me/geocities/SiliconValley/Chip/7928/","webarchive.me","2025-05-30"
"63","https://www.vulkaner.no/n/bcnature.html","vulkaner.no","2023-12-31"
"64","http://www.meldrum.co.uk/mhp/testcard/index.html","meldrum.co.uk","1997-03-06"
"65","https://www.altexxanet.org/","altexxanet.org","2014-07-20"
"66","https://itsevergreen.rip/manifesto/","",""
"67","https://www.uspapermoney.info/","",""
"68","https://www.robin.is/","robin.is","2022-11-24"
"69","https://platypuscomix.com/websurfin/pokemonstory.html","platypuscomix.com","2008-04-14"
"70","http://webarchive.me/geocities/Tokyo/Flats/7251/","webarchive.me","2025-05-30"
"71","http://webarchive.me/geocities/SiliconValley/Drive/9941/","webarchive.me","2025-05-30"
"72","http://astroworld.atspace.com/","astroworld.atspace.com","2004-01-17"
"73","https://www.takedown.com/","takedown.com","1995-08-19"
"74","https://thephandommenace.com/","thephandommenace.com","1999-12-13"
"75","https://www.worldwar1.com/tlcrates.htm","worldwar1.com","1996-02-25"
"76","https://cayzle.com/","cayzle.com","2005-12-01"
"77","http://www.robotsandcomputers.com/robots/index.htm","robotsandcomputers.com","2007-11-20"
"78","http://fusigi.jp/","fusigi.jp","2017-01-04"
"79","https://critics.emphasys.net/","critics.emphasys.net","1996-05-17"
"80","https://catcatproductions.com/home","catcatproductions.com","2020-09-28"
"81","http://richfiles.solarbotics.net/Shuttle.html","richfiles.solarbotics.net","2000-08-16"
"82","https://lotrscrapbook.bookloaf.net/","lotrscrapbook.bookloaf.net","2003-01-22"
"83","https://www.hexenmagetower.com/","hexenmagetower.com","2009-05-29"
"84","https://blackholeheart.neocities.org/Thoughts/General/identity","blackholeheart.neocities.org","2013-05-24"
"85","https://www.earthwitchery.com/faery.html","earthwitchery.com","2006-03-30"
"86","http://www.fluffy.com/fluffy/Fluffyhome.html","fluffy.com","1995-09-12"
"87","https://ceosweb.com/","ceosweb.com","2024-07-03"
"88","http://www.kobash.com/tetris/tetris.html","kobash.com","2004-09-01"
"89","https://www.raptor007.com/mac-512k-to-linux-netatalk/","raptor007.com","2002-11-28"
"90","http://download.lavadomefive.com/members/tyrnn/Index.html","",""
"91","https://calteches.library.caltech.edu/51/2/CargoCult.htm","calteches.library.caltech.edu","1986-01-06"
"92","https://aiplanet.sourceforge.net/","aiplanet.sourceforge.net","1999-08-08"
"93","https://archy.nl/","archy.nl","2014-04-15"
"94","https://www.it-he.org/deus.php","it-he.org","2000-05-03"
"95","https://gail.com/","gail.com","1996-04-04"
"96","https://www.st-andrews.ac.uk/~wjh/jumping/","st-andrews.ac.uk","1996-08-01"
"97","https://cobradile.neocities.org/index.en","",""
"98","https://berglas.org/","berglas.org","2003-01-20"
"99","https://am-i-fat.com/","",""
"100","https://www.thegutsygourmet.net/","thegutsygourmet.net","2001-10-27"
"101","https://dreggman.org/","dreggman.org","2025-04-24"
"102","https://marc.merlins.org/","marc.merlins.org","1998-10-27"
"103","http://snesmusic.org/v2/","snesmusic.org","2002-08-12"
"104","http://www.wolvesden.org/","wolvesden.org","2000-02-16"
"105","https://www.geocities.ws/dragontear100/1.html","",""
"106","https://www.stephenhudson.net/","stephenhudson.net","2008-04-04"
"107","https://stupidstreetsigns.com/","stupidstreetsigns.com","2005-01-01"
"108","https://www.cybergata.com/","cybergata.com","2000-07-31"
"109","https://users.glitchwrks.com/~glitch/vintage.html","users.glitchwrks.com","2010-06-01"
"110","https://www.princeton.edu/~ezb/geomancy/geohome.html","princeton.edu","1987-04-03"
"111","https://www.rosscrain.com/index.htm","rosscrain.com","2020-04-14"
"112","https://melaaaa.neocities.org/","melaaaa.neocities.org","2013-05-24"
"113","https://kashpureff.org/","kashpureff.org","1998-05-29"
"114","https://www.nucleartourist.com/","nucleartourist.com","2000-06-29"
"115","https://templeos.org/","templeos.org","2013-03-15"
"116","https://www.micromac.com/","micromac.com","1995-04-14"
"117","https://www.windweaver.com/christina/christina.htm","windweaver.com","1996-09-20"
"118","https://anlucas.neocities.org/88x31Buttons","anlucas.neocities.org","2013-05-24"
"119","https://www.zerstoerung.de/","",""
"120","https://www.chem.ucla.edu/~harding/IGOC/IGOC.html","chem.ucla.edu","1985-04-24"
"121","https://www.shellac.org/wams/","shellac.org","1998-04-16"
"122","https://www.dohtem.com/bugs/history/","dohtem.com","2000-12-28"
"123","https://www.electricstuff.co.uk/","electricstuff.co.uk","2000-01-27"
"124","https://yerf.metafur.org/","yerf.metafur.org","2006-08-13"
"125","https://blazeti.me/","blazeti.me","2014-05-27"
"126","https://woodbutcher.net/","woodbutcher.net","2000-05-04"
"127","http://city-newhartford.us/","city-newhartford.us","2009-09-24"
"128","https://www.asianart.com/","",""
"129","http://www.airparamo.com/ppg/","",""
"130","https://thebaratusii.com/vampire/","thebaratusii.com","2023-11-13"
"131","http://akrepnalan.com/","akrepnalan.com","2002-05-20"
"132","https://www.tri-ang.co.uk/","",""
"133","http://www.ajfroggie.com/pics/index.html","",""
"134","https://leedberg.com/mk/mk2/mk2.htm","leedberg.com","2000-12-14"
"135","http://rinkworks.com/stupid/","rinkworks.com","1998-04-03"
"136","https://www.geocities.ws/nalindr21/","",""
"137","https://www.dickshovel.com/two.html","dickshovel.com","1995-09-16"
"138","http://texaschainsawmassacre.net/Music/","",""
"139","http://webarchive.me/geocities/Tokyo/Spa/1548/main2.html","webarchive.me","2025-05-30"
"140","https://scv1302.homestead.com/onslowcountyhistory.html","",""
"141","http://webarchive.me/geocities/SiliconValley/8396/stuff/menwomen.html","webarchive.me","2025-05-30"
"142","https://www.notpurfect.com/","notpurfect.com","2002-09-20"
"143","http://www.twainquotes.com/","twainquotes.com","2000-03-22"
"144","https://philip.greenspun.com/careers/","philip.greenspun.com","1996-09-24"
"145","https://thefirstbannerad.com/","thefirstbannerad.com","2013-07-31"
"146","http://www.romar.org.uk/","romar.org.uk","1999-10-29"
"147","https://chrono.org/","chrono.org","1999-03-28"
"148","https://www.shorthandshorthandshorthand.com/","shorthandshorthandshorthand.com","2009-05-25"
"149","https://miningartifacts.homestead.com/","miningartifacts.homestead.com","1997-06-21"
"150","https://nobbyville.com/","nobbyville.com","2012-02-01"
"151","https://baddesigns.com/","baddesigns.com","1996-06-19"
"152","https://www.kenji-world.net/english/ihatov/ihatov.html","kenji-world.net","2002-03-14"
"153","https://www.acolumbinesite.com/ericpage.php","",""
"154","https://madmartian.com/food_jello.htm","madmartian.com","1996-03-31"
"155","https://www.meowjinboo.com/","meowjinboo.com","2009-02-23"
"156","https://thailandfever.com/","thailandfever.com","2004-09-18"
"157","https://tram.rusign.com/","tram.rusign.com","1999-11-29"
"158","http://webarchive.me/geocities/SiliconValley/Byte/5982/","webarchive.me","2025-05-30"
"159","https://www.66chevy.com/","66chevy.com","2003-01-20"
"160","https://www.castlewales.com/home.html","castlewales.com","1996-07-25"
"161","http://www.tedfelix.com/PhotoCD/","tedfelix.com","2000-12-01"
"162","https://73-87.com/","",""
"163","http://olatheskunk.pl/","olatheskunk.pl","2014-01-28"
"164","https://www.mit.edu/people/mkgray/net/","mit.edu","1985-05-23"
"165","http://webarchive.me/geocities/Tokyo/Garden/9967/","webarchive.me","2025-05-30"
"166","https://ultraloveheaven.online/","ultraloveheaven.online","2024-07-21"
"167","https://mikes-woodwork.com/","mikes-woodwork.com","2007-05-26"
"168","https://origamee.net/","origamee.net","2006-06-05"
"169","https://www.gregafloat.org.uk/","gregafloat.org.uk","2014-03-29"
"170","http://fictional.com/e3.htm","fictional.com","1996-10-16"
"171","https://nccomix.keenspace.com/","nccomix.keenspace.com","2000-06-15"
"172","https://lighthousegetaway.com/","lighthousegetaway.com","2000-07-22"
"173","https://kiuchi.jpn.org/en/nob/nob_top_t.htm","kiuchi.jpn.org","1997-01-18"
"174","https://www.fourmilab.ch/earthview/vplanet.html","",""
"175","https://www.morethanknots.com/","morethanknots.com","2009-02-27"
"176","https://ethanhasa.website/worldwide/ruin/","ethanhasa.website","2022-09-26"
"177","https://www.multiultramedia.com/conspiracy/intro.html","multiultramedia.com","2003-11-19"
"178","http://jcmit.net/diskprice.htm","jcmit.net","2016-07-21"
"179","https://www.spacious-mind.com/","spacious-mind.com","2007-10-07"
"180","https://www.menstuff.org/frameindex.html","menstuff.org","1996-05-22"
"181","https://www.videogameobsession.com/videogame/","",""
"182","https://jaytholen.net/teengamedev/","jaytholen.net","2006-05-30"
"183","https://www.skimountaineer.com/","",""
"184","http://intuitor.com/moviephysics/","intuitor.com","2000-05-12"
"185","https://aichipaperairplaneclub.web.fc2.com/kakunouko.html","aichipaperairplaneclub.web.fc2.com","1999-05-20"
"186","https://www.blotorches.com/","blotorches.com","2004-12-24"
"187","https://faculty.ucr.edu/~eschwitz/","faculty.ucr.edu","1987-08-04"
"188","http://www128.pair.com/r3d4k7/Chinups.html","www128.pair.com","1995-08-18"
"189","http://spue.20m.com/","spue.20m.com","2000-02-16"
"190","https://www.mit.edu/people/rei/","mit.edu","1985-05-23"
"191","https://cyquest.neocities.org/","cyquest.neocities.org","2013-05-24"
"192","https://www.newgrounds.com/cat/mission.html","newgrounds.com","1998-09-17"
"193","http://richfiles.solarbotics.net/RichInfo.html","richfiles.solarbotics.net","2000-08-16"
"194","https://www.lampizator.eu/lampizator/transport/laser/laserology.html","",""
"195","http://www.nextdimension.org/index1.htm","nextdimension.org","2001-09-15"
"196","https://www.chuckg.com/","chuckg.com","1998-11-16"
"197","https://www.historyplace.com/unitedstates/childlabor/","historyplace.com","1996-06-08"
"198","https://androdome.com/Sand/","",""
"199","https://mewbies.com/acute_terminal_fun_telnet_public_servers_watch_star_wars_play_games_etc.htm","mewbies.com","2009-05-25"
"200","https://catb.org/jargon/html/","catb.org","2003-01-16"
"201","https://krazerlasers.com/","krazerlasers.com","2007-02-01"
"202","https://www.clear.rice.edu/elec301/Projects99/imcomp/","clear.rice.edu","1985-04-24"
"203","https://nakedeyeplanets.com/","nakedeyeplanets.com","2009-10-02"
"204","http://www.onlypollypocket.com/","onlypollypocket.com","2001-04-01"
"205","https://leo.esva.net/","leo.esva.net","1995-04-17"
"206","http://www.delhaven.co.uk/","delhaven.co.uk","1999-09-06"
"207","https://photocreations.ca/cd_lamp/","photocreations.ca","2004-10-01"
"208","http://alsirat.com/silence/","alsirat.com","1997-05-06"
"209","https://www.fruhd.com/frames.html","fruhd.com","2002-04-10"
"210","http://blooberry.com/cdfaq/","blooberry.com","1996-11-29"
"211","https://www.expedition-atlantis.com/Myth-of-Atlantis.html","expedition-atlantis.com","2006-02-07"
"212","http://www.importanceofphilosophy.com/Metaphysics_Main.html","importanceofphilosophy.com","2000-11-01"
"213","http://rainforest.gardenwebs.net/","rainforest.gardenwebs.net","2006-01-21"
"214","https://www.greatdreams.com/crpcirc.htm","greatdreams.com","1997-11-16"
"215","https://www.sentex.ca/~mwandel/legos/legos.html","sentex.ca","2000-11-02"
"216","https://macedonia.com/","macedonia.com","1995-10-17"
"217","https://junkdnaart.com/","junkdnaart.com","2016-07-22"
"218","https://friedmanarchives.com/dataegg/","",""
"219","http://allaboutfrogs.org/froglnd.shtml","allaboutfrogs.org","1999-08-20"
"220","https://www.electricstuff.co.uk/biglaserfun.html","electricstuff.co.uk","2000-01-27"
"221","https://kdelaney.neocities.org/","kdelaney.neocities.org","2013-05-24"
"222","https://acmewidgets.neocities.org/","",""
"223","http://www.douglas-self.com/MUSEUM/museum.htm","douglas-self.com","2010-07-31"
"224","https://www.cmongethappy.com/eguide/goober.html","cmongethappy.com","2000-03-09"
"225","https://www.silvercollection.it/DICTIONARYTRADEMARKSUSA.html","silvercollection.it","2002-11-11"
"226","https://www.islandregister.com/phones/museum.html","islandregister.com","2000-05-25"
"227","https://www.allaboutfrogs.org/","allaboutfrogs.org","1999-08-20"
"228","http://www.rainknight.net/plush/plushindex.html","",""
"229","https://www.chm.bris.ac.uk/sillymolecules/sillymols.htm","chm.bris.ac.uk","1996-08-01"
"230","https://paulcooijmans.com/","paulcooijmans.com","2008-07-28"
"231","http://www.chairlift.org/","chairlift.org","2000-03-01"
"232","https://www.sounddoc.com/ourburl.html","",""
"233","https://www.kickassgear.com/","kickassgear.com","1997-09-20"
"234","https://benbest.com/lifeext/aging.html","benbest.com","1997-01-07"
"235","https://tttthis.com/rememberwebsites.php/","tttthis.com","2017-06-04"
"236","http://www.users.globalnet.co.uk/~afoxcrof/","users.globalnet.co.uk","1996-08-01"
"237","https://geosim.cs.vt.edu/","geosim.cs.vt.edu","1987-11-18"
"238","https://www.wall.org/~larry/","",""
"239","https://oldcomputer.info/","oldcomputer.info","2016-07-18"
"240","http://www.antique-microscopes.com/chemistry/","",""
"241","https://hyboria.xoth.net/","hyboria.xoth.net","2000-07-21"
"242","https://www.ibiblio.org/harris/500milemail.html","ibiblio.org","2000-07-12"
"243","http://www.astronautix.com/s/spacestationfreedom.html","astronautix.com","2000-11-29"
"244","https://faculty.washington.edu/chudler/benham.html","faculty.washington.edu","1986-09-04"
"245","https://britneyspears.ac/lasers.htm","britneyspears.ac","2000-01-25"
"246","https://trivium.phpwebhosting.com/404.html","trivium.phpwebhosting.com","1999-07-31"
"247","http://indigo.ie/~prospero/ciara.htm","indigo.ie","1998-08-23"
"248","https://atroshenko.com/NSbiog008.html","",""
"249","https://www.rpsoft2000.com/rps_chordtheory.htm","rpsoft2000.com","2002-11-02"
"250","https://raredigitalwatches.com/","raredigitalwatches.com","2008-10-10"
"251","http://www.rinconesdesantiago.com/Paginas/La%20corticela.htm","rinconesdesantiago.com","2008-03-10"
"252","http://www.the39dollarexperiment.com/","the39dollarexperiment.com","2006-02-24"
"253","https://www.daye1.com/bagpage/","",""
"254","http://boredmob.com/dump/war2/","boredmob.com","2010-11-15"
"255","https://www.jetcafe.org/~dave/usenet/phil.html","jetcafe.org","1995-09-28"
"256","https://www.cs.yale.edu/homes/perlis-alan/quotes.html","cs.yale.edu","1987-03-17"
"257","https://pong-story.com/intro.htm","pong-story.com","1999-11-30"
"258","https://christi.com/","christi.com","1996-08-05"
"259","https://genspace.com/oldindex.html","genspace.com","1999-10-11"
"260","https://www.deepcave.com/pages/3/","deepcave.com","2004-06-06"
"261","http://harmonyzone.org/ballwithfeet.html","harmonyzone.org","2012-08-08"
"262","https://www.merkurencyclopedia.com/","merkurencyclopedia.com","2000-12-01"
"263","https://www.greatseal.com/","greatseal.com","1998-06-29"
"264","https://www.hp9845.net/9845/software/screenart/9845cdemo/","",""
"265","https://people.ece.umn.edu/users/riaz/animations/listanimations.html","people.ece.umn.edu","1987-01-21"
"266","https://aboutcalgary.net/halloween/","",""
"267","https://sfconservancy.org/","sfconservancy.org","2008-04-12"
"268","https://www.cu-amiga.co.uk/","cu-amiga.co.uk","2004-12-14"
"269","https://land-of-kain.de/shadowrun/","",""
"270","http://webarchive.me/geocities/SiliconValley/Bay/5707/","webarchive.me","2025-05-30"
"271","https://adelfaure.net/","",""
"272","http://www.mapageweb.umontreal.ca/cousined/lego/","mapageweb.umontreal.ca","2000-10-30"
"273","https://gbdev.gg8.se/forums/","gbdev.gg8.se","2007-12-06"
"274","https://www.twilightvisions.com/quantumranger.htm","twilightvisions.com","2004-01-01"
"275","https://www.rias1.de/rias2.htm","",""
"276","https://danluu.com/input-lag/","",""
"277","http://etwright.org/cghist/juggler.html","etwright.org","2015-07-26"
"278","https://www.automaticbeyondbelief.org/","",""
"279","https://www.webwinds.com/thalassa/medusa.htm","webwinds.com","1997-04-03"
"280","https://gopher.floodgap.com/gopher/gw.lite?gopher.jonsharp.net","gopher.floodgap.com","2000-10-25"
"281","http://www.ginjirotchi.ca/TamaMain.html","ginjirotchi.ca","2015-09-18"
"282","https://www.wizworld.com/","wizworld.com","1997-09-14"
"283","https://sfgalleries.net/","sfgalleries.net","2005-10-06"
"284","https://www.armchair.com/escape/bike.html","armchair.com","1995-05-05"
"285","http://www.heureka.clara.net/","heureka.clara.net","1996-03-12"
"286","https://www.abandoned-places.com/","",""
"287","https://wooledge.org/~greg/index2.html","wooledge.org","2000-09-04"
"288","https://www.thepirateking.com/bios/","thepirateking.com","2003-04-21"
"289","https://metanoia.org/suicide/","metanoia.org","1996-08-16"
"290","https://www.nativeweb.org/pages/legal/black_crow/","nativeweb.org","1997-07-04"
"291","http://www.stanleymotorcarriage.com/GeneralTechnical/GeneralTechnical.htm","stanleymotorcarriage.com","2003-07-22"
"292","http://www.i-mockery.com/minimocks/3storms/","i-mockery.com","1999-08-30"
"293","https://nslists.com/jachlist.htm","nslists.com","2009-07-04"
"294","https://utminers.utep.edu/omwilliamson/ENGL1311/fallacies.htm","utminers.utep.edu","1994-05-25"
"295","http://www.leospage.de/animemanga/vgai.htm","",""
"296","https://www.vamp.org/gothic/images/","vamp.org","1996-02-10"
"297","http://ianenders.com/","",""
"298","https://planetmic.com/orbit/spasim01.htm","planetmic.com","2001-01-15"
"299","http://cm.bell-labs.co/who/dmr/","cm.bell-labs.co","2012-10-17"
"300","https://www.cynicscorner.org/index.html","cynicscorner.org","2000-06-20"
"301","https://webdocs.cs.ualberta.ca/~games/Sokoban/","webdocs.cs.ualberta.ca","2000-10-04"
"302","https://sca.uwaterloo.ca/a2mishra/","sca.uwaterloo.ca","2000-09-20"
"303","https://www.britishempire.co.uk/","britishempire.co.uk","1999-11-07"
"304","http://webarchive.me/geocities/ResearchTriangle/Campus/4157/","webarchive.me","2025-05-30"
"305","https://www.ibiblio.org/pha/myths/index.html","ibiblio.org","2000-07-12"
"306","https://www.craigmarlatt.com/canada/#home","",""
"307","https://www.guidetogrammar.org/","guidetogrammar.org","2017-11-28"
"308","https://gemfire.drque.net/","",""
"309","https://juliestudio.com/kirsten/","juliestudio.com","2000-10-07"
"310","https://www.chrismcovell.com/secret.html","chrismcovell.com","2003-12-01"
"311","http://crisefi.net/","crisefi.net","2004-07-02"
"312","http://web.tiscali.it/andrebalza/","web.tiscali.it","1999-12-29"
"313","https://theshadowlands.net/vamp.html","theshadowlands.net","1998-10-10"
"314","https://www.bingeandgrab.com/","bingeandgrab.com","2001-03-04"
"315","http://lassieweb.org/","lassieweb.org","2006-06-16"
"316","https://www.parente.fe.it/ducklair-network/start.html","",""
"317","http://www.topedge.com/panels/aircraft/","topedge.com","1996-10-13"
"318","https://www.mckusick.com/beastie/","",""
"319","https://puremicros.com/","puremicros.com","2001-10-19"
"320","https://blazeti.me/spooky/","blazeti.me","2014-05-27"
"321","http://douglas-self.com/MUSEUM/LOCOLOCO/locoloco.htm","douglas-self.com","2010-07-31"
"322","https://rudy.ca/","rudy.ca","2000-11-09"
"323","http://www.atlasoftheuniverse.com/","atlasoftheuniverse.com","2006-02-22"
"324","https://www.ufobc.ca/Beyond/","ufobc.ca","2000-11-15"
"325","https://www.velmadinkley.com/","velmadinkley.com","2002-09-14"
"326","https://harmonyzone.org/","harmonyzone.org","2012-08-08"
"327","https://kurtevert.info/","kurtevert.info","2014-03-03"
"328","http://niagara.railfan.net/index.html","niagara.railfan.net","1998-02-13"
"329","https://www.germanicmythology.com/","germanicmythology.com","2010-07-17"
"330","https://www.vamp.org/gothic/netgoths/","vamp.org","1996-02-10"
"331","http://webarchive.me/geocities/SiliconValley/5649/upgcomp.htm","webarchive.me","2025-05-30"
"332","https://www.quaketerminus.com/quakebible/","quaketerminus.com","2001-05-27"
"333","https://cbladey.com/","cbladey.com","2000-11-01"
"334","https://www.goldeneyeforever.com/","goldeneyeforever.com","2000-10-23"
"335","http://www.oldflutes.com/","oldflutes.com","2003-07-01"
"336","https://www.doneyles.com/LM/Tales.html","doneyles.com","2003-05-12"
"337","http://pages.ca.inter.net/~ttoyooka/oshiro/","",""
"338","https://www.fzerowrs.com/","",""
"339","https://www.earthwitchery.com/","earthwitchery.com","2006-03-30"
"340","http://nikodemus.iwarp.com/","nikodemus.iwarp.com","1999-03-02"
"341","http://www.starsfaq.com/","",""
"342","https://rainbowspec.observer/","rainbowspec.observer","2024-08-24"
"343","https://www.resort.com/","resort.com","1993-12-05"
"344","https://www.villagok.dk/","villagok.dk","2005-09-17"
"345","https://www.antennalaunchers.com/antlaunching.html","",""
"346","https://www.guidetogrammar.org/grammar/","guidetogrammar.org","2017-11-28"
"347","https://tipthepizzaguy.com/","tipthepizzaguy.com","2000-08-14"
"348","http://www.cindyvallar.com/superstitions.html","cindyvallar.com","2000-09-17"
"349","http://cloudline.org/","cloudline.org","2000-04-07"
"350","https://www.frontiernet.net/~aquarius/kites/","frontiernet.net","1995-10-14"
"351","http://phatboy.iwarp.com/","",""
"352","https://philip.greenspun.com/flying/","philip.greenspun.com","1996-09-24"
"353","https://davidwonn.kontek.net/mk64.html","davidwonn.kontek.net","1998-12-03"
"354","https://www.ruf.rice.edu/~kemmer/Words04/usage/slang_cockney.html","ruf.rice.edu","1985-04-24"
"355","https://www.princeton.edu/~starr/17star.html","princeton.edu","1987-04-03"
"356","https://www.shira.net/sitemap.htm","shira.net","1997-07-31"
"357","https://acoustics.org/pressroom/httpdocs/163rd/August_2pMU4.html","",""
"358","https://philip.greenspun.com/","philip.greenspun.com","1996-09-24"
"359","https://www.doomworld.com/gbd2/","doomworld.com","1998-01-03"
"360","https://www.psywarrior.com/","",""
"361","http://webarchive.me/geocities/SiliconValley/Byte/5982/stalk.html","webarchive.me","2025-05-30"
"362","https://scpr.co/","",""
"363","http://web.mclink.it/MJ4187/","web.mclink.it","1999-06-16"
"364","https://jackrvn70.neocities.org/","jackrvn70.neocities.org","2013-05-24"
"365","https://www.gamezero.com/team-0/articles/math_magic/micro/processor.html","gamezero.com","1995-04-29"
"366","https://antofthy.gitlab.io/","",""
"367","https://greg-kennedy.com/history/","greg-kennedy.com","2009-05-21"
"368","https://www.bettaterritory.nl/BT-GalleryBettaterritoryV3-0.htm","bettaterritory.nl","2004-07-12"
"369","https://math.nyu.edu/Archimedes/Cattle/Statement.html","",""
"370","https://theotherpages.org/images2/","theotherpages.org","2003-01-28"
"371","https://afghanistan.markslobin.com/","",""
"372","https://www.dopefish.com/fishinfo.html","",""
"373","https://spotthedrowningchild.com/","spotthedrowningchild.com","2015-07-27"
"374","https://whitehouse.gov1.info/launch/launch.html","whitehouse.gov1.info","2008-12-17"
"375","https://kitenet.net/~kyle/","kitenet.net","1997-10-25"
"376","https://rzeppa.org/","rzeppa.org","2004-05-10"
"377","http://boredmob.com/chrispage/","boredmob.com","2010-11-15"
"378","https://www.swq.com/","swq.com","1998-05-29"
"379","https://www.crystalinks.com/byzantine.html","crystalinks.com","1997-09-12"
"380","https://tentacle.net/~baodai/","tentacle.net","1998-08-06"
"381","https://www.scaruffi.com/","scaruffi.com","1998-01-23"
"382","https://links.net/re/intro.html","links.net","1994-12-19"
"383","http://users.beotel.net/~gmarjanovic/","users.beotel.net","1996-03-26"
"384","http://www.gailmcqueen.com/","gailmcqueen.com","2006-06-09"
"385","http://oldwitch.co.uk/","oldwitch.co.uk","2000-11-13"
"386","http://www.powdermillarc.org/archives/Powdermill%20Website%20Original/Pictorial_Highlights_July_2003.html","powdermillarc.org","2010-02-24"
"387","https://www.beanweb.net/","",""
"388","https://www.hollywoodsgoldenage.com/","hollywoodsgoldenage.com","2007-08-06"
"389","http://www.oldskool.org/whatsnew/archives/u2sucks","oldskool.org","1998-01-29"
"390","https://www.spikesys.com/","spikesys.com","1997-01-22"
"391","https://www.ghouse.com/daniel/durian/","",""
"392","http://warcraft2.it64.com/","warcraft2.it64.com","2001-05-16"
"393","https://www.wesleyjohnston.com/users/ireland/","wesleyjohnston.com","2000-09-17"
"394","http://webarchive.me/geocities/SiliconValley/Bay/9379/","webarchive.me","2025-05-30"
"395","https://birdfotos.com/bird-funnys/bf3.htm","birdfotos.com","2004-05-30"
"396","https://www.thisman.org/oldsite/","thisman.org","2008-01-25"
"397","https://wastedlife.org/","wastedlife.org","2000-09-15"
"398","https://dwheeler.com/essays/matrix-party.html","dwheeler.com","1999-09-13"
"399","https://vhs-jess.neocities.org/","vhs-jess.neocities.org","2013-05-24"
"400","https://grandin.com/","grandin.com","1996-01-31"
"401","http://webarchive.me/geocities/Tokyo/Harbor/4974/index2.html","webarchive.me","2025-05-30"
"402","https://people.cs.umass.edu/~verts/index.html","",""
"403","https://zapatopi.net/afdb/","zapatopi.net","2000-05-03"
"404","https://dannarchy.com/","",""
"405","https://www.keegan.org/","keegan.org","1996-12-29"
"406","https://tid.rctspace.com/","tid.rctspace.com","2004-09-01"
"407","https://cuban-exile.com/menu1/%21menu.html","cuban-exile.com","1999-12-10"
"408","https://www.theforce.net/swtc/index.html","theforce.net","1997-09-21"
"409","https://longpoke.github.io/750602224faffeaf812ff2512e164e7ccefc5c8532868b5b6529b8f9e38327f9.html","",""
"410","https://www.casataya.us/","casataya.us","2003-05-12"
"411","https://www.nucleartourist.com/basics/early.htm","nucleartourist.com","2000-06-29"
"412","https://www.qsl.net/wd0giv/PHONEPAGE.html","qsl.net","1997-01-28"
"413","https://marauder.homestead.com/irons.html","",""
"414","https://kraftmstr.com/halloween/humor/halotrks.html","kraftmstr.com","2001-02-08"
"415","https://marsfacts.neocities.org/","marsfacts.neocities.org","2013-05-24"
"416","https://www.explainingcomputers.com/index.html","explainingcomputers.com","2007-08-20"
"417","http://rinkworks.com/stupid/cs_floppies.shtml","rinkworks.com","1998-04-03"
"418","https://www.tanygraig.force9.co.uk/John/vlr/form.htm","tanygraig.force9.co.uk","1997-01-20"
"419","http://www.hyperhero.com/en/couch.htm","hyperhero.com","2000-08-10"
"420","https://www.cs.unm.edu/~dlchao/flake/doom/","cs.unm.edu","1986-08-27"
"421","https://ihatetheimperialsystem.neocities.org/whyihatetheimperialsystem","ihatetheimperialsystem.neocities.org","2013-05-24"
"422","https://tabisite.com/en/","tabisite.com","2004-07-25"
"423","https://thegalleryofmonstertoys.com/","thegalleryofmonstertoys.com","2002-07-29"
"424","https://soi.hyperchat.com/","soi.hyperchat.com","1995-12-22"
"425","https://calrider.com/","calrider.com","2003-11-03"
"426","https://streetvillains.neocities.org/","streetvillains.neocities.org","2013-05-24"
"427","https://moistgoulash.neocities.org/","",""
"428","https://shikoist.ru/","shikoist.ru","2023-09-15"
"429","http://www.alpharubicon.com/med/kidneystonessf.htm","alpharubicon.com","2001-05-16"
"430","https://www.ladybugadventures.com/","",""
"431","https://www.cs.binghamton.edu/~reckert/","cs.binghamton.edu","1987-06-09"
"432","https://inverts.wallawalla.edu/","inverts.wallawalla.edu","2007-05-02"
"433","https://pisi.com.pl/piotr433/","pisi.com.pl","1999-11-26"
"434","https://rense.com//general4/hg.htm","rense.com","1999-03-10"
"435","https://www.playtool.com/pages/psuconnectors/connectors.html","playtool.com","1999-07-02"
"436","https://www.plateshack.com/","plateshack.com","1998-08-17"
"437","https://www.bibliotecapleyades.net/sociopolitica/sociopol_mediacontrol66.htm","",""
"438","https://www.irishmidifiles.ie/","irishmidifiles.ie","2011-05-17"
"439","https://www.rexresearch.com/roschin/roschin.htm","",""
"440","https://www.crystalinks.com/purplecalf112.html","crystalinks.com","1997-09-12"
"441","https://grandy02.shikadi.net/mirror/geocities.com/post_ironic_pig/home.htm","",""
"442","https://www.somethingawful.com/hosted/adventures/","somethingawful.com","1999-11-17"
"443","http://webarchive.me/geocities/Tokyo/Bay/2475/intro.html","webarchive.me","2025-05-30"
"444","http://washuu.net/","washuu.net","2004-04-22"
"445","https://www.hyperhistory.com/online_n2/History_n2/a.html","",""
"446","https://www.ibiblio.org/jwsnyder/rft/rftoldwavs.html","ibiblio.org","2000-07-12"
"447","http://www.decodesystems.com/","decodesystems.com","1999-10-07"
"448","http://gofree.indigo.ie/~jonesjp/","gofree.indigo.ie","1998-08-23"
"449","https://www.west-point.org/users/usma1982/39622/Suzoola/","west-point.org","1996-03-23"
"450","https://www.stwww.com/","",""
"451","https://nssdc.gsfc.nasa.gov/planetary/ice/ice_moon.html","nssdc.gsfc.nasa.gov","1997-10-02"
"452","http://mosaic.mcom.com/highres/backgrounder/internet.html","mosaic.mcom.com","1994-06-01"
"453","http://home.ica.net/~shew/","home.ica.net","1995-12-08"
"454","http://gizapyramid.com/DrV-article.htm","",""
"455","https://salem.lib.virginia.edu/home.html","salem.lib.virginia.edu","1986-03-19"
"456","https://www.lib.ncsu.edu/archivedexhibits/tobacco/","lib.ncsu.edu","1987-04-16"
"457","https://www.apparent-wind.com/navigation/","",""
"458","http://japan-fireworks.com/","japan-fireworks.com","1999-02-24"
"459","https://www.theghz.com/museum/index.html","theghz.com","2006-04-21"
"460","https://www.gregdonner.org/","gregdonner.org","2000-01-27"
"461","http://bactra.org/notebooks/","",""
"462","https://www.anatomyatlases.org/","",""
"463","http://rendell-attic.org/gol/","rendell-attic.org","2006-03-06"
"464","https://www.jupiterscientific.org/sciinfo/sciencejokes.html","jupiterscientific.org","2001-09-27"
"465","https://www.turnipnet.com/whirligig/","turnipnet.com","2000-02-06"
"466","https://www.furious.com/perfect/badsongs.html","furious.com","1996-02-11"
"467","https://totl.net/Eunuch/","totl.net","1999-06-28"
"468","https://db.fursuit.me/","",""
"469","https://froxot.de/","",""
"470","https://www.zzickle.com/","zzickle.com","2004-09-01"
"471","http://user.pa.net/~nrwing/whataguy/banbread/","user.pa.net","1995-04-29"
"472","https://www.abduct.com/","",""
"473","https://www.pmichaud.com/toast/","pmichaud.com","2002-04-26"
"474","https://www.stayornay.com/mac84/retro.html","stayornay.com","2008-09-03"
"475","https://my.hrw.com/content/hmof/Gohrw/migrated/migrated_content/atlas/norm_htm/world.htm","",""
"476","https://www.tribunesandtriumphs.org/","",""
"477","https://www.cavpilot.com/","cavpilot.com","1999-11-22"
"478","https://www.geocities.ws/fischer_lynette/caveat.html","",""
"479","http://webarchive.me/geocities/Tokyo/Garden/1502/slrspc.htm","webarchive.me","2025-05-30"
"480","https://trashparadise.neocities.org/deadmalls","",""
"481","https://garfieldweb.github.io/","",""
"482","https://ender.design/rg/","ender.design","2015-06-11"
"483","http://www.cotf.edu/ete/modules/msese/earthsysflr/ages.html","cotf.edu","1994-04-21"
"484","https://www.spiritualtravel.org/","spiritualtravel.org","1999-08-30"
"485","http://www.kstrom.net/isk/","kstrom.net","2000-01-06"
"486","https://www.badger.org/","badger.org","1996-04-05"
"487","https://stallman.org/articles/dont-watch-covid-tv.html","stallman.org","2000-01-07"
"488","https://philip.greenspun.com/materialism/money","philip.greenspun.com","1996-09-24"
"489","http://loveascii.com/hearts.html","",""
"490","https://atomicbear98.neocities.org/","atomicbear98.neocities.org","2013-05-24"
"491","https://www.beatleg.info/","",""
"492","https://pages.ucsd.edu/~dkjordan/scriptorium/nicholas/Nicholas.html","",""
"493","https://www.piratesurgeon.com/pages/surgeon_pages/medicine_containers1.html","piratesurgeon.com","2010-07-27"
"494","https://www.thesurrealist.co.uk/","thesurrealist.co.uk","2001-05-28"
"495","https://www.w3.org/MarkUp/","w3.org","1994-07-06"
"496","http://dt.prohosting.com/70s/","dt.prohosting.com","1997-08-22"
"497","http://www.rinkworks.com/badmovie/","rinkworks.com","1998-04-03"
"498","https://zbox.neocities.org/","zbox.neocities.org","2013-05-24"
"499","http://www.albion.com/netiquette/","albion.com","1993-04-16"
"500","http://forwardlook.net/furyworld/","forwardlook.net","1998-12-17"
"501","https://www.ritachu.com/altv.html","",""
"502","https://www.museum.state.il.us/muslink/prairie/htmls/eco_importance.html","museum.state.il.us","2003-01-31"
"503","http://rugratonline.free.fr/index-2.html","rugratonline.free.fr","1999-03-15"
"504","http://www.lx.oliva.nom.br/","",""
"505","https://www.tp4.ruhr-uni-bochum.de/~ak/disc/","",""
"506","http://intranet.di.unisa.it/~zizza/","intranet.di.unisa.it","1996-01-29"
"507","http://www.historyofphrenology.org.uk/overview.htm","historyofphrenology.org.uk","2009-01-31"
"508","https://flyingmoose.org/tolksarc/tolksarc.htm","flyingmoose.org","2000-03-06"
"509","https://theoldnet.com/","theoldnet.com","2019-01-24"
"510","https://www.exoplanetkyoto.org/exohtml/A_All_Exoplanets.html","exoplanetkyoto.org","2016-06-07"
"511","https://www.moonsisters.org/","moonsisters.org","2008-10-20"
"512","https://xnumber.com/xnumber/russian_calcs.htm","xnumber.com","1999-04-04"
"513","http://infolab.stanford.edu/~backrub/google.html","infolab.stanford.edu","1985-10-04"
"514","https://yuri.at/claudia/","",""
"515","https://archive.shikadi.net/pckf/img/dosclassics.com/keen/fanart/xtraverse/xax/","",""
"516","https://nicholaswilliams.xyz/","nicholaswilliams.xyz","2022-04-04"
"517","http://www.verticalmuseum.com/VerticalDevicesPage/RappelHistory.php","verticalmuseum.com","2021-05-03"
"518","https://bofh.bjash.com/","bofh.bjash.com","2004-05-13"
"519","https://www.badgermarbleclub.com/2009/","badgermarbleclub.com","2006-11-09"
"520","https://www.abiweb.jp/ransu/ransu-e3.htm","abiweb.jp","2005-09-30"
"521","https://www.ditext.com/postman/mgs.html","ditext.com","1998-02-09"
"522","https://www.coffeebeer.co.uk/","coffeebeer.co.uk","2002-09-30"
"523","https://www.nokilli.com/","nokilli.com","2000-08-16"
"524","https://wasser.com/","wasser.com","1995-09-21"
"525","https://lodev.org/cgtutor/raycasting.html","lodev.org","2010-03-17"
"526","https://www.contemplator.com/main.html","contemplator.com","1998-01-06"
"527","http://boredmob.com/cm/","boredmob.com","2010-11-15"
"528","https://1stmuse.com/","",""
"529","https://enroncorp.com/corp/","enroncorp.com","2022-01-13"
"530","https://jimzim.net/DiabloCanyon.html","jimzim.net","2014-03-23"
"531","http://pespmc1.vub.ac.be/MEMES.html","",""
"532","https://www.photographyhistory.com/cc6.html","photographyhistory.com","2000-01-04"
"533","https://www.flashpacman.info/","flashpacman.info","2008-08-12"
"534","http://www.roger-russell.com/","roger-russell.com","2003-01-13"
"535","https://www.illinoiswildflowers.info/weeds/plants/dandelion.htm","illinoiswildflowers.info","2004-05-29"
"536","https://oceansofkansas.com/KiowaShale.html","",""
"537","https://www.wolfslair.org/","wolfslair.org","1999-03-10"
"538","https://www.write-on.org/","write-on.org","2003-08-14"
"539","https://www.islandproduction.com/kodakdc.htm","islandproduction.com","2000-04-04"
"540","https://www.swcs.com.au/kunz.htm","",""
"541","https://9p.io/plan9/","",""
"542","https://zverina.com/","zverina.com","1997-04-17"
"543","https://countach.ch/","",""
"544","https://spoonplanet.com/exhibits.html","spoonplanet.com","2009-06-24"
"545","https://philip.greenspun.com/travel/","philip.greenspun.com","1996-09-24"
"546","https://mjsstuf.x10host.com/pages/vsync/vsync.htm","mjsstuf.x10host.com","2005-06-15"
"547","http://webarchive.me/geocities/Tokyo/Flats/8246/","webarchive.me","2025-05-30"
"548","https://www.opossum.org/orphans.htm","opossum.org","1998-10-12"
"549","https://www.historian.net/target.html","historian.net","1998-04-16"
"550","https://shroud.com/menu.htm","shroud.com","1996-01-07"
"551","https://tilde.town/~georgemoody/","tilde.town","2014-10-11"
"552","https://hyperphysics.phy-astr.gsu.edu/hbase/","hyperphysics.phy-astr.gsu.edu","1990-06-25"
"553","http://webarchive.me/geocities/Tokyo/Pagoda/8051/Main.html","webarchive.me","2025-05-30"
"554","https://theorderoftime.org/","theorderoftime.org","2005-02-20"
"555","https://www.chicago-l.org/fares/fares.html","chicago-l.org","1999-06-02"
"556","https://www.petawawalegion.ca/band/","petawawalegion.ca","2003-01-17"
"557","https://www.webwinds.com/","webwinds.com","1997-04-03"
"558","https://www.irishmidifiles.ie/midifiles.htm","irishmidifiles.ie","2011-05-17"
"559","https://www.policecarwebsite.net/fc/fedcars/ss4.html","policecarwebsite.net","2010-04-20"
"560","https://www.bibliotecapleyades.net/exopolitica/exopolitics_saddamhussein.htm","",""
"561","https://www.complete-accounting.com.au/ffdex.htm","",""
"562","https://ucmp.berkeley.edu/aquarius/behavior.html","",""
"563","https://www.dinofish.com/","dinofish.com","1996-05-08"
"564","http://www.philsp.com/SaxRohmer/FuFrames.htm","philsp.com","2001-11-29"
"565","https://thejfiles.com/","thejfiles.com","1999-08-30"
"566","https://stefangagne.com/spatulacity/button.htm","stefangagne.com","2006-06-06"
"567","https://www.farumdata.dk/","farumdata.dk","1998-05-19"
"568","https://tongue-twister.net/","",""
"569","https://olegvolk.net/olegv/pete/","olegvolk.net","2000-09-15"
"570","https://theshadowlands.net/serpent.htm","theshadowlands.net","1998-10-10"
"571","https://www.wamplet.com/","wamplet.com","2003-08-20"
"572","http://toastytech.com/","",""
"573","https://www.fruhd.com/","fruhd.com","2002-04-10"
"574","http://marvelite.prohosting.com/cherlene/ocd2.html","marvelite.prohosting.com","1997-08-22"
"575","https://www.echonyc.com/~jkarpf/home/martini.html","echonyc.com","1993-06-08"
"576","http://www.oldskool.org/shrines/lbd","oldskool.org","1998-01-29"
"577","https://poopnames.com/","",""
"578","https://ny.duke4.net/strife/chasm_of_chills/downfall.htm","ny.duke4.net","2005-03-02"
"579","https://mr-pibbs-site.neocities.org/","mr-pibbs-site.neocities.org","2013-05-24"
"580","https://motherfuckingwebsite.com/","motherfuckingwebsite.com","2013-11-22"
"581","https://www.sonicgear.org/","sonicgear.org","2006-03-12"
"582","http://pc0.hapisan.com/sfghq/gif/","pc0.hapisan.com","2006-01-12"
"583","https://www.jameshovercraft.co.uk/","jameshovercraft.co.uk","2000-11-06"
"584","https://jamescamerononline.com/Biography.htm","jamescamerononline.com","2009-05-05"
"585","http://swordedge.8m.net/","swordedge.8m.net","1998-11-06"
"586","https://cromwell-intl.com/","cromwell-intl.com","2001-08-30"
"587","https://cornbreadjournals.com/soaring/","cornbreadjournals.com","2022-11-25"
"588","http://www.computercloset.org/BandaiPippin.htm","computercloset.org","1999-06-22"
"589","https://www.geocities.ws/shane04st/yugo.html","",""
"590","https://virus.stanford.edu/","",""
"591","https://www.evacuation-of-humankind.org/","evacuation-of-humankind.org","2015-02-09"
"592","http://www.northdownfarm.co.uk/rory/tim/tinytim.htm","northdownfarm.co.uk","1999-10-14"
"593","https://www.rogerjnorton.com/Lincoln74.html","rogerjnorton.com","2010-02-05"
"594","https://www.electricstuff.co.uk/mikesclocks.html","electricstuff.co.uk","2000-01-27"
"595","https://www2.cs.duke.edu/csl/docs/unix_course/intro-1.html","www2.cs.duke.edu","1986-06-02"
"596","https://www.lilithgallery.com/library/","lilithgallery.com","2000-07-11"
"597","https://www.rechenmaschinen-illustrated.com/","rechenmaschinen-illustrated.com","2004-01-30"
"598","https://misty.keenspace.com/","",""
"599","https://gregfewbaconahay14.neocities.org/","gregfewbaconahay14.neocities.org","2013-05-24"
"600","https://www.ecofuture.org/","ecofuture.org","1997-12-04"
"601","https://kitty.org/","kitty.org","1999-01-24"
"602","https://www.webtender.com/","webtender.com","1997-02-05"
"603","https://geocities90s.neocities.org/offer","geocities90s.neocities.org","2013-05-24"
"604","https://accidont.ru/ENG/main.html","accidont.ru","2006-09-21"
"605","https://www.gamers.org/dhs/","gamers.org","1996-02-12"
"606","https://starhaven.kontek.net/","",""
"607","https://www.napoleon-empire.org/en/","napoleon-empire.org","2024-11-03"
"608","https://plantpathogens.net/","plantpathogens.net","2025-02-09"
"609","http://www.rowan.sensation.net.au/","",""
"610","https://man.fas.org/dod-101/sys/ac/t-3.htm","",""
"611","http://cgibin.rcn.com/mwhite28/20centry.htm","cgibin.rcn.com","1997-06-30"
"612","https://xfiles.wearehere.net/","xfiles.wearehere.net","2002-06-15"
"613","https://f2.org/","f2.org","1999-02-13"
"614","http://www.krellan.com/","krellan.com","1998-11-14"
"615","http://www.pyrbred.org/","pyrbred.org","1998-10-09"
"616","https://www.okroads.com/","okroads.com","2002-09-04"
"617","http://www.kickassgear.com/","kickassgear.com","1997-09-20"
"618","https://www.townwagon.com/","townwagon.com","2004-10-04"
"619","https://ibm-1401.info/","ibm-1401.info","2010-03-16"
"620","https://napoleon-monuments.eu/Napoleon1er/index_EN.htm","",""
"621","http://floppy.museum/","floppy.museum","2022-11-29"
"622","https://dettifoss.org/","dettifoss.org","2002-03-27"
"623","http://apolloexplorer.co.uk/","",""
"624","https://www.khoras.net/","khoras.net","1998-04-16"
"625","https://tilde.town/~l_m_standing/","tilde.town","2014-10-11"
"626","https://ghostresearch.org/","",""
"627","https://www.partsofsw.com/item.htm","",""
"628","http://www.gleistreff.de/","",""
"629","https://www.undertheredstar.com/","",""
"630","https://www.racinehistory.com/","racinehistory.com","2000-09-08"
"631","http://www.evnut.com/","evnut.com","2006-08-29"
"632","https://www.romeartlover.it/Umbereco.html","romeartlover.it","2001-08-22"
"633","https://stallman.org/saint.html","stallman.org","2000-01-07"
"634","http://webarchive.me/geocities/Tokyo/Pagoda/4860/photos.html","webarchive.me","2025-05-30"
"635","http://happytarget.50megs.com/","happytarget.50megs.com","1999-06-07"
"636","http://www.greenspun.com/","greenspun.com","1996-09-24"
"637","http://electkenny.atspace.com/","electkenny.atspace.com","2004-01-17"
"638","http://webarchive.me/geocities/Tokyo/Ginza/2931/","webarchive.me","2025-05-30"
"639","https://www.videogames101.net/","",""
"640","http://danslight.faithweb.com/","",""
"641","https://www.dhammatalks.net/","dhammatalks.net","2011-07-18"
"642","https://www.drillsandskills.com/","drillsandskills.com","2000-06-14"
"643","https://www.hlasek.com/","hlasek.com","2002-11-21"
"644","http://domainoffline.com/","domainoffline.com","2025-07-25"
"645","http://www.patoczka.net/","patoczka.net","2001-11-06"
"646","https://txt.fyi/","txt.fyi","2017-02-11"
"647","https://2bit.neocities.org/","2bit.neocities.org","2013-05-24"
"648","http://dmc.members.sonic.net/sentinel/gvcon2.html","dmc.members.sonic.net","1994-07-26"
"649","https://noufors.com/Dr_David_M_Jacobs.htm","noufors.com","2006-09-21"
"650","https://debutniverse.neocities.org/","debutniverse.neocities.org","2013-05-24"
"651","https://patcoston.com/co/info.aspx","",""
"652","https://wolfgangarchive.com/sfii-web/","wolfgangarchive.com","2015-05-05"
"653","http://www.fourth-millennium.net/","fourth-millennium.net","2000-10-06"
"654","https://www.jcaliff.net/tr/index.php","",""
"655","http://webarchive.me/geocities/Tokyo/Fountain/1246/index.htm","webarchive.me","2025-05-30"
"656","http://s469337723.websitehome.co.uk/gerbils/ngsinfo.htm","s469337723.websitehome.co.uk","2004-03-12"
"657","https://mathworld.wolfram.com/DotsandBoxes.html","mathworld.wolfram.com","1996-01-31"
"658","https://idlewords.com/talks/website_obesity.htm","idlewords.com","2000-06-30"
"659","https://bernard-stockermans.net/","bernard-stockermans.net","2024-07-09"
"660","http://www.deathgetsawebsite.com/","deathgetsawebsite.com","2001-04-18"
"661","https://nutrient.fyi/","nutrient.fyi","2024-11-10"
"662","https://flowersofindia.net/","flowersofindia.net","2005-05-11"
"663","https://froob.org/","froob.org","2002-01-11"
"664","https://kirbysdreamsite.neocities.org/","kirbysdreamsite.neocities.org","2013-05-24"
"665","https://www.sock-monkey.com/","sock-monkey.com","1997-07-29"
"666","https://www.hagardunor.net/","hagardunor.net","2000-08-15"
"667","https://www.webm8.co.uk/riddler/","webm8.co.uk","1999-07-23"
"668","http://www.jubilees.co.uk/","jubilees.co.uk","1999-12-01"
"669","https://www.oldcalculatormuseum.com/","oldcalculatormuseum.com","2003-03-18"
"670","https://jungcircle.com/mist/alchemy.htm","jungcircle.com","2001-07-04"
"671","http://htomc.dns2go.com/myrtle/default.htm","htomc.dns2go.com","1999-01-24"
"672","https://www.magnacartaplus.org/","magnacartaplus.org","2000-08-04"
"673","http://www.japaneserailwaysociety.com/","japaneserailwaysociety.com","2002-09-03"
"674","http://claus.com/index.php","claus.com","1995-10-27"
"675","https://faculty.washington.edu/jbs/itrans/","faculty.washington.edu","1986-09-04"
"676","https://community.webtv.zone/ltolstoy/whychickeninabiskitisthebestfoodever/","community.webtv.zone","2022-09-12"
"677","https://www.zuckershack.org/","",""
"678","https://www.silverhillala.com/judith/","silverhillala.com","2008-05-07"
"679","https://www.m.circusesandsideshows.com/","m.circusesandsideshows.com","2013-03-19"
"680","http://musictravel.free.fr/india/india.htm","musictravel.free.fr","1999-03-15"
"681","http://www.arnoldexposed.com/quotes.html","arnoldexposed.com","2004-10-30"
"682","https://wtc7.net/","wtc7.net","2003-08-18"
"683","https://petermolnar.net/journal/sichuan-chengdu-2/","",""
"684","http://geekus.org/","geekus.org","2000-06-07"
"685","https://americanmushrooms.com/basics.htm","",""
"686","https://www.molon.de/","",""
"687","https://tekeli.li/onomastikon/","",""
"688","https://starchild.gsfc.nasa.gov/docs/StarChild/questions/question39.html","starchild.gsfc.nasa.gov","1997-10-02"
"689","https://frogmanresearch.neocities.org/","frogmanresearch.neocities.org","2013-05-24"
"690","https://www.livingroomcandidate.org/websites/cg96/","livingroomcandidate.org","2004-06-07"
"691","http://banana.fws1.com/banana.htm","banana.fws1.com","2000-06-19"
"692","https://www.alaskawildflowers.us/Kingdom/Plantae/Magnoliophyta/Magnoliopsida/Fabaceae/Oxytropis_campestris/","alaskawildflowers.us","2007-02-11"
"693","https://stallman.org/","stallman.org","2000-01-07"
"694","https://www.onlyshojo.com/sailorinizio.htm","",""
"695","https://www.rivervet.com/","rivervet.com","2001-09-27"
"696","https://www.ericexperiment.com/","ericexperiment.com","2020-09-16"
"697","https://handheldmuseum.com/","handheldmuseum.com","2000-07-27"
"698","https://www.bgreco.net/garfield/","bgreco.net","2007-12-28"
"699","http://www.ericri.com/pyrs/","ericri.com","2001-07-12"
"700","https://friesian.com/sangoku.htm","",""
"701","https://www.antenna-theory.com/","antenna-theory.com","2008-08-22"
"702","https://www.saradistribution.com/commontable.htm","saradistribution.com","1999-08-30"
"703","https://www.waldeneffect.org/","waldeneffect.org","2008-09-24"
"704","http://civ2.macintosh.garden/","civ2.macintosh.garden","2017-04-25"
"705","https://www.gryphel.com/c/sw/","gryphel.com","2000-10-20"
"706","https://www.ragtimemusic.com/joplin.html","ragtimemusic.com","1998-03-04"
"707","https://www.graphxkingdom.com/","",""
"708","https://www.arizonaroads.com/","arizonaroads.com","2000-03-24"
"709","http://webarchive.me/geocities/SiliconValley/Bridge/3691/","webarchive.me","2025-05-30"
"710","http://antiquecannabisbook.com/","",""
"711","https://phil.tinsleyviaduct.com/","phil.tinsleyviaduct.com","2000-10-31"
"712","https://christianpopp.net/","christianpopp.net","2000-08-15"
"713","https://tempect.de/senil/","",""
"714","https://kenny.anomalyresponse.com/","kenny.anomalyresponse.com","2008-07-04"
"715","http://www.stxmaps.com/","stxmaps.com","2008-04-28"
"716","https://nikealaska.org/","nikealaska.org","2010-03-20"
"717","https://crick.com/gamemaster.html","crick.com","1996-02-09"
"718","https://www.songandpraise.org/","songandpraise.org","2013-05-27"
"719","http://webarchive.me/geocities/Tokyo/Garden/4989/intro.html","webarchive.me","2025-05-30"
"720","http://www.petergeorgedell.com/","petergeorgedell.com","2002-09-18"
"721","https://www.marquise.de/en/themes/howto/stoffkunde.shtml","",""
"722","http://textfiles.com/","",""
"723","https://www.ladyofthecake.com/reddwarf/","ladyofthecake.com","1999-06-03"
"724","http://pocket.free.fr/","pocket.free.fr","1999-03-15"
"725","https://www.tifaq.org/","tifaq.org","1999-03-11"
"726","http://paulburgess.org/bolivar0.html","paulburgess.org","2001-10-26"
"727","https://www.combatreform.org/USNAVYINDANGER/","combatreform.org","2009-02-19"
"728","http://webarchive.me/geocities/Tokyo/Courtyard/9870/","webarchive.me","2025-05-30"
"729","https://www.theoldrobots.com/","theoldrobots.com","2007-03-22"
"730","https://www.dos4ever.com/","dos4ever.com","2007-01-12"
"731","http://webarchive.me/geocities/Tokyo/Island/1592/","webarchive.me","2025-05-30"
"732","https://tomtilley.net/projects/pvc/","",""
"733","https://www.german-navy.de/","",""
"734","https://www.brianlemay.com/","brianlemay.com","1998-08-28"
"735","https://androidarts.com/","androidarts.com","2008-01-09"
"736","https://fmstream.org/index.php?c=FT","fmstream.org","2017-12-23"
"737","https://www.quovadis.org/","quovadis.org","2002-07-29"
"738","http://www.hisutton.com/","hisutton.com","2014-09-02"
"739","https://www.british-wild-flowers.co.uk/","british-wild-flowers.co.uk","2003-08-14"
"740","https://subgenius.com/","",""
"741","https://webbs.devonraleigh.com/","webbs.devonraleigh.com","2025-02-07"
"742","https://elf.org/pilot/","",""
"743","https://aoi.com.au/Wild/Minoan/","",""
"744","https://burtleburtle.net/bob/","burtleburtle.net","1999-07-08"
"745","http://webarchive.me/geocities/Tokyo/Bridge/8585/","webarchive.me","2025-05-30"
"746","https://ashidakim.com/","",""
"747","https://nerdymom.neocities.org/","nerdymom.neocities.org","2013-05-24"
"748","https://www.drivemeinsane.com/","drivemeinsane.com","2002-07-28"
"749","https://www.oshogulaab.com/index2.htm","oshogulaab.com","2000-06-14"
"750","http://www.alaskaroads.com/","",""
"751","https://www.90thidpg.us/","",""
"752","https://www.darkstar1.co.uk/","darkstar1.co.uk","2000-08-21"
"753","https://beej.us/pizza/pizzaweb.html","",""
"754","http://amway.robinlionheart.com/","",""
"755","https://wwwmpa.mpa-garching.mpg.de/galform/virgo/millennium/","",""
"756","http://user.pa.net/~nrwing/damm/","user.pa.net","1995-04-29"
"757","http://webarchive.me/geocities/Tokyo/Ginza/9404/cels.html","webarchive.me","2025-05-30"
"758","http://www.ghastlyghosthunter.com/ectoplasm.html","ghastlyghosthunter.com","2000-11-04"
"759","http://bactra.org/Bernal/","",""
"760","https://www.gnosis.org/hermes.htm","gnosis.org","1995-04-07"
"761","https://www.oberloh.com/SPL/spl1.htm","oberloh.com","1997-10-29"
"762","http://www.eulan.de/unimog/","",""
"763","https://stattenfield.org/keith/unabomber.html","stattenfield.org","1997-05-23"
"764","http://www.visualships.com/","",""
"765","http://www.luft46.com/","",""
"766","https://www.thecatdragdinn.org/migo.htm","thecatdragdinn.org","1998-03-14"
"767","https://www.acid.org/","",""
"768","https://nssdc.gsfc.nasa.gov/photo_gallery/photogallery-neptune.html","nssdc.gsfc.nasa.gov","1997-10-02"
"769","https://www.101bananas.com/","",""
"770","http://www.comicbookradioshow.com/trapped/songlist.html","comicbookradioshow.com","2002-06-05"
"771","https://www.emuparadise.me/","emuparadise.me","2011-06-15"
"772","https://www.concordesst.com/","concordesst.com","2000-06-07"
"773","https://www.johnpratt.com/items/docs/2020/angels.html","johnpratt.com","1997-05-23"
"774","https://www.binaries4all.com/","",""
"775","http://www.carbon-izer.com/","carbon-izer.com","2013-11-28"
"776","https://www.bnphoto.org/bnphoto/KodakEnlargers.htm","bnphoto.org","2009-06-25"
"777","https://www.godecookery.com/","godecookery.com","2001-12-11"
"778","https://kaoani.ikilote.net/english/","kaoani.ikilote.net","2008-05-12"
"779","https://bjoycooley.com/","bjoycooley.com","2015-11-18"
"780","https://www.bloodgod.org/2006_Christian_Goth_Gathering.htm","bloodgod.org","2002-11-02"
"781","https://www.thumper.net/tlkmag/archive/fun/poutine/","thumper.net","1996-02-26"
"782","https://deuxfleurs.fr/","deuxfleurs.fr","2013-06-10"
"783","https://mcubed.net/","mcubed.net","2002-02-06"
"784","https://files.deathmask.net/","files.deathmask.net","2002-10-16"
"785","https://www.sentex.ca/~mwandel/","sentex.ca","2000-11-02"
"786","https://sonic.sega.jp/sonicadv/dload/cfvol1.html","sonic.sega.jp","2001-03-26"
"787","https://jovidmt.neocities.org/","jovidmt.neocities.org","2013-05-24"
"788","http://webarchive.me/geocities/Athens/Styx/4667/love.html","webarchive.me","2025-05-30"
"789","https://www.alstevens.com/ventriloquism/fred.html","alstevens.com","2001-09-19"
"790","https://grin.hu/","",""
"791","https://www.allthesky.com/constellations/","allthesky.com","2000-07-17"
"792","https://www.theroadwanderer.net/","theroadwanderer.net","2003-10-21"
"793","http://users.rcn.com/tdiann/dolly.htm","",""
"794","https://www.waspweb.org//","waspweb.org","2004-05-07"
"795","https://zimage.com/~ant/","zimage.com","1997-01-21"
"796","https://www.kaisersbunker.com/pt/","kaisersbunker.com","2000-09-08"
"797","https://www.ibm-pc.se/","ibm-pc.se","2017-01-19"
"798","https://www.retrocom.com/","retrocom.com","1998-10-22"
"799","http://webarchive.me/geocities/SiliconValley/Drive/2069/","webarchive.me","2025-05-30"
"800","https://www.applesnail.net/","",""
"801","https://www.ch.ic.ac.uk/rzepa/ecsoc/30300094.htm","ch.ic.ac.uk","1996-08-01"
"802","https://zompist.com/spell.html","zompist.com","1999-01-10"
"803","https://www.romulus2.com/articles/features/itsupport.htm","",""
"804","http://www.spywarewarrior.com/uiuc/intro.htm","spywarewarrior.com","2004-02-26"
"805","http://www.thepipe.info/","thepipe.info","2006-04-08"
"806","https://earmark.net/gesr/","earmark.net","2002-01-27"
"807","https://solen.info/solar/","solen.info","2001-10-02"
"808","https://www.klemund.de/quake/","",""
"809","https://geocities.ws/bergstrom/","",""
"810","https://housefly.neocities.org/","housefly.neocities.org","2013-05-24"
"811","https://www.awn.com/mag/issue2.12/2.12pages/2.12cohennoble.html","",""
"812","http://timrusstribute.com/","timrusstribute.com","2002-11-28"
"813","http://www.combinedfleet.com/kaigun.htm","combinedfleet.com","2000-02-17"
"814","https://www.pbs.org/wgbh/nova/monitor/battle.html","pbs.org","1995-04-19"
"815","https://capturedlightning.com/frames/Tesla0.html","capturedlightning.com","2007-04-20"
"816","https://percypringle.com/PB-Saves-PP3/PB-Saves-PP3.html","percypringle.com","2002-11-01"
"817","https://www.timefracture.org/D16.html","timefracture.org","2004-04-29"
"818","https://www.funny-stuff-central.com/","funny-stuff-central.com","2001-03-20"
"819","https://www.cronan-memorial.com/","cronan-memorial.com","2012-01-31"
"820","http://webarchive.me/geocities/Tokyo/Spa/7249/frames1.html","webarchive.me","2025-05-30"
"821","https://friesian.com/history.htm","",""
"822","http://toastytech.com/evil/setup.html","",""
"823","https://www.cda-adc.ca/jcda/vol-65/issue-4/218.html","cda-adc.ca","2000-12-01"
"824","https://catsaregud.coolpage.biz/","catsaregud.coolpage.biz","2007-09-28"
"825","https://geocitiesgraphics.neocities.org/","geocitiesgraphics.neocities.org","2013-05-24"
"826","http://webarchive.me/geocities/SiliconValley/Circuit/3150/","webarchive.me","2025-05-30"
"827","https://her.st/","her.st","2018-12-18"
"828","https://cityfonts.com/","cityfonts.com","2015-01-06"
"829","https://www.durgasoft.com/","durgasoft.com","2008-06-26"
"830","https://www.sabrina-online.com/","sabrina-online.com","1999-09-27"
"831","https://simplifier.neocities.org/","simplifier.neocities.org","2013-05-24"
"832","https://www.bfro.net/","bfro.net","1999-10-26"
"833","https://4kyws.ua.edu/","4kyws.ua.edu","1988-05-12"
"834","https://v8sho.com/","v8sho.com","1999-12-10"
"835","https://sublime.one/","sublime.one","2015-12-03"
"836","https://mariosonicgames.com/","mariosonicgames.com","2007-11-23"
"837","http://www.imitationpickles.org/starwars/1088543526/","imitationpickles.org","1999-01-09"
"838","http://leapsecond.com/pages/atomic-bill/","leapsecond.com","1997-03-06"
"839","https://www.deuceofclubs.com/moj/mojave.htm","deuceofclubs.com","1999-02-10"
"840","https://acme.com/heartmaker/","",""
"841","https://www.micapeak.com/info/thepace.html","micapeak.com","1996-01-05"
"842","https://users.abo.fi/hkorvela/","users.abo.fi","1991-01-01"
"843","https://nothings.org/","nothings.org","2001-10-11"
"844","https://www.fiveohomepage.com/","fiveohomepage.com","2012-02-27"
"845","https://www.rba.com/Heather/","rba.com","1994-11-02"
"846","https://tentacle.net/~drax/","tentacle.net","1998-08-06"
"847","https://www.y2kkitchen.com/index.html","y2kkitchen.com","1999-02-18"
"848","https://www.spacejam.com/1996/","spacejam.com","1996-03-14"
"849","https://prankoperator.com/","prankoperator.com","2015-11-18"
"850","http://webarchive.me/geocities/SiliconValley/Heights/9337/frames.htm","webarchive.me","2025-05-30"
"851","https://www.supervinx.com/OnlineMuseum/","supervinx.com","2005-02-28"
"852","https://mle-s-paint.neocities.org/themovement","",""
"853","https://www.entrances2hell.co.uk/","entrances2hell.co.uk","2002-05-15"
"854","http://www.michaelcox.com/","michaelcox.com","1998-01-02"
"855","https://wirlaburla.worlio.com/","wirlaburla.worlio.com","2021-10-03"
"856","https://frightbytes.com/","frightbytes.com","2001-12-27"
"857","https://beaks.live/","beaks.live","2022-07-17"
"858","https://www.maiken2051.com/home/index.php","maiken2051.com","2001-05-23"
"859","https://whoosh.org/","whoosh.org","1998-02-10"
"860","https://faculty.washington.edu/smcohen/320/ReeveIonians.htm","faculty.washington.edu","1986-09-04"
"861","https://www.policecanada.ca/","policecanada.ca","2002-04-15"
"862","https://shallowsky.com/","shallowsky.com","1998-08-11"
"863","https://www.rexresearch.com/","",""
"864","https://www.spaceweather.com/","spaceweather.com","1997-11-26"
"865","https://www.opensourcerules.info/","",""
"866","https://xenon.stanford.edu/~geksiong/papers/sts145/Squaresoft%20and%20FF7.htm","xenon.stanford.edu","1985-10-04"
"867","https://pontiacperformance.net/","pontiacperformance.net","2006-03-28"
"868","https://www.ariel.com.au/jokes/The_Evolution_of_a_Programmer.html","",""
"869","https://www.angelfire.com/trek/caver/page1.html","angelfire.com","1998-10-15"
"870","https://mastersofmelody.co.uk/","mastersofmelody.co.uk","2008-11-01"
"871","https://web.ncf.ca/cz159/","web.ncf.ca","2000-09-28"
"872","http://www.hartford-hwp.com/archives/","hartford-hwp.com","1995-06-07"
"873","http://www.users.globalnet.co.uk/~brlowe/","users.globalnet.co.uk","1996-08-01"
"874","https://sanguineroyal.com/","sanguineroyal.com","2023-03-31"
"875","https://www.gregegan.net/","",""
"876","http://www.flatwoodsmonster.com/index-id%3D228330%26fuseaction%3Dbrowse%26pageid%3D24.html","flatwoodsmonster.com","2000-11-06"
"877","https://thisisindiana.angelfire.com/indianahauntings.htm","thisisindiana.angelfire.com","1998-10-15"
"878","https://www.teralab.co.uk/","teralab.co.uk","2004-03-19"
"879","http://www.computercloset.org/compindex.htm","computercloset.org","1999-06-22"
"880","https://percypringle.com/my_tribute.html","percypringle.com","2002-11-01"
"881","https://grugbrain.dev/","",""
"882","https://chemed.chem.purdue.edu/genchem/topicreview/bp/ch2/atom_ion.html","chemed.chem.purdue.edu","1985-04-24"
"883","http://gunney-hwy.freeservers.com/main.htm","gunney-hwy.freeservers.com","1998-05-21"
"884","https://carlos.emory.edu/htdocs/ODYSSEY/EGYPT/homepg.html","carlos.emory.edu","1986-06-02"
"885","https://rayer.g6.cz/hry/hry.htm","rayer.g6.cz","2009-04-08"
"886","https://www.crystalinks.com/romesports.html","crystalinks.com","1997-09-12"
"887","https://www.sliderule.ca/","sliderule.ca","2001-02-20"
"888","https://www.classicsunveiled.com/mythnet/html/","classicsunveiled.com","2002-01-14"
"889","http://toastytech.com/doom/index.html","",""
"890","https://knuckleschaotix.net/","knuckleschaotix.net","2015-02-09"
"891","https://www.actorbuddyebsen.info/","",""
"892","https://www.chromaluna.com/","chromaluna.com","2006-10-04"
"893","https://www.basementarcade.com/arcade/library/videotopia/","basementarcade.com","1998-05-19"
"894","https://pubs.usgs.gov/fs/1997/fs113-97/","pubs.usgs.gov","1997-10-02"
"895","https://ghostories.com/","ghostories.com","1998-08-17"
"896","https://blakespot.com/sgi/","blakespot.com","1998-09-15"
"897","https://www.worldoflongmire.com/features/apes/apes.html","worldoflongmire.com","2000-03-07"
"898","https://apod.nasa.gov/apod/","",""
"899","http://extremeweb.web.fc2.com/","",""
"900","http://datamath.org/","datamath.org","2000-09-13"
"901","http://www.lostparks.com/index.html","lostparks.com","2001-05-22"
"902","https://daf.dse.nl/","daf.dse.nl","1995-04-26"
"903","https://home.snafu.de/tilman/mozilla/","",""
"904","https://www.2112.net/","2112.net","1997-10-02"
"905","https://periodictable.com/Properties/A/Color.html","periodictable.com","1997-06-24"
"906","http://robotfindskitten.org/","robotfindskitten.org","2000-12-06"
"907","https://www.fitness4youonline.com/free_info.html","fitness4youonline.com","2001-02-28"
"908","http://users.rcn.com/hgomberg/girls.html","",""
"909","https://alexandria.rpgclassics.com/","alexandria.rpgclassics.com","1998-12-02"
"910","http://webarchive.me/geocities/SiliconValley/Bay/2975/","webarchive.me","2025-05-30"
"911","https://boffo.us/SteveBio.html","boffo.us","2006-03-28"
"912","https://pdj.home.xs4all.nl/starting.htm","pdj.home.xs4all.nl","1994-08-07"
"913","https://www.petracortright.com/hello.html","",""
"914","https://simson.net/ref/NeXT/","simson.net","1996-11-23"
"915","http://toastytech.com/evil/the_windows_8_car.html","",""
"916","https://ed-thelen.org/","ed-thelen.org","2000-10-16"
"917","https://www.wellytop.com/Fnagaton/DIYComputer.html","wellytop.com","1999-03-15"
"918","http://phroggy.com/","phroggy.com","1999-09-26"
"919","https://www.brooklineconnection.com/","brooklineconnection.com","2009-04-08"
"920","https://vintage-technics.ru/","vintage-technics.ru","2022-09-06"
"921","https://homes.cerias.purdue.edu/~ssw/cun/index.html","homes.cerias.purdue.edu","1985-04-24"
"922","http://touringcarracing.net/index_normal.html","touringcarracing.net","2005-11-28"
"923","https://www.jhauser.us/","jhauser.us","2002-11-14"
"924","https://sites.pitt.edu/~dash/type0124.html","sites.pitt.edu","1989-06-21"
"925","https://chessquest.neocities.org/","chessquest.neocities.org","2013-05-24"
"926","https://www.blackdrago.com/","blackdrago.com","2002-05-27"
"927","https://argnet.fatal-design.com/index.php","argnet.fatal-design.com","1996-12-16"
"928","https://www.flintsource.net/","flintsource.net","1999-12-30"
"929","https://worlio.com/library/","worlio.com","2021-10-03"
"930","http://ra.afraid.org/","ra.afraid.org","1999-09-21"
"931","https://www.blackjackincolor.com/","blackjackincolor.com","2007-12-02"
"932","https://firetrucks-atwar.com/","firetrucks-atwar.com","2004-03-17"
"933","https://www.sideblown.com/","sideblown.com","2001-04-09"
"934","https://idefix.net/~koos/cat.html","idefix.net","2000-08-11"
"935","http://webarchive.me/geocities/ResearchTriangle/4309/overclk.html","webarchive.me","2025-05-30"
"936","https://www.greatdreams.com/","greatdreams.com","1997-11-16"
"937","https://digital.library.upenn.edu/women/writers.html","digital.library.upenn.edu","1986-06-02"
"938","https://www.webbutcher.net/","",""
"939","https://www.nintendo.co.jp/n02/shvc/fz/index.html","",""
"940","https://www.cristhomas.com/cars/toys/","cristhomas.com","2001-01-27"
"941","https://www.ditl.org/","ditl.org","2000-07-14"
"942","https://www.employees.org/~drich/SGI/SiliconSurf/","",""
"943","https://hehexd.net/","hehexd.net","2020-06-09"
"944","https://www.darkisle.com/","darkisle.com","1997-11-14"
"945","https://www.deater.net/weave/vmwprod/a2_pixels/","deater.net","2000-12-16"
"946","https://whitecat.aftersleep.org/","",""
"947","https://colincogle.name/blog/canadian-son/","",""
"948","https://carlos.emory.edu/htdocs/ODYSSEY/ROME/homepg.html","carlos.emory.edu","1986-06-02"
"949","https://www.adrian-kingston.com/index.htm","",""
"950","https://www.animatedsoftware.com/hotwords/noframes.htm","animatedsoftware.com","1995-12-13"
"951","https://www.cucug.org/codshow/","cucug.org","1995-10-31"
"952","http://webarchive.me/geocities/ResearchTriangle/3626/intro.html","webarchive.me","2025-05-30"
"953","https://trashparadise.neocities.org/graphics","",""
"954","http://www.ilpi.com/glassblowing/","ilpi.com","1998-07-03"
"955","https://monster6502.com/","monster6502.com","2016-05-13"
"956","https://snubgunstudygroup.com/","snubgunstudygroup.com","2021-02-03"
"957","https://woolyss.com/chipmusic.php","woolyss.com","2010-01-18"
"958","https://nukafurbs.neocities.org/","nukafurbs.neocities.org","2013-05-24"
"959","https://brisray.com/","brisray.com","2003-07-06"
"960","https://www.semitech.com/marc/ray.html","semitech.com","1995-08-16"
"961","https://www.splitting-images.com/index-2.html","splitting-images.com","2001-01-08"
"962","http://www.astralis.it/menu1/menu_eng.htm","",""
"963","https://bedr00mz.neocities.org/","",""
"964","https://www.trilobites.info/anohome.html","",""
"965","http://webarchive.me/geocities/SiliconValley/1641/","webarchive.me","2025-05-30"
"966","https://arizonapoet.com/home.htm","arizonapoet.com","2004-10-01"
"967","https://users.ece.cmu.edu/~adrian/630-f04/PGP-intro.html","users.ece.cmu.edu","1985-04-24"
"968","https://www.renaissanceastrology.com/talismanhermes.html","renaissanceastrology.com","2000-09-29"
"969","http://webarchive.me/geocities/SiliconValley/6815/","webarchive.me","2025-05-30"
"970","https://np.kitsunesforest.com/","np.kitsunesforest.com","2006-07-10"
"971","https://lacemakerslace.oddquine.co.uk/","lacemakerslace.oddquine.co.uk","2003-02-13"
"972","http://heavy.metal.00band.com/","heavy.metal.00band.com","2000-03-13"
"973","https://hyperphysics.phy-astr.gsu.edu/hbase/Solar/mooncrater.html","hyperphysics.phy-astr.gsu.edu","1990-06-25"
"974","https://www.staggeringbeauty.com/","staggeringbeauty.com","2012-07-31"
"975","https://stng.36el.com/","stng.36el.com","2002-11-08"
"976","https://web.mit.edu/course/21/21.guide/home.htm","web.mit.edu","1985-05-23"
"977","http://webarchive.me/geocities/SiliconValley/Campus/4169/","webarchive.me","2025-05-30"
"978","https://groups.csail.mit.edu/mac/projects/amorphous/","groups.csail.mit.edu","1985-05-23"
"979","https://www.dellamente.com/quicksand/","dellamente.com","2000-05-04"
"980","https://www.swopnet.com/tarrytown/barber_humor.html","swopnet.com","1997-07-10"
"981","http://alkerion.chez.com/segaland.htm","",""
"982","https://www.earcandymag.com/","earcandymag.com","2004-12-19"
"983","https://www.autopsyfiles.org/","",""
"984","https://www.resort.com/~banshee/Misc/8ball/","resort.com","1993-12-05"
"985","https://www.atpobtvs.com/","atpobtvs.com","2001-11-21"
"986","http://www.bunkertours.co.uk/","bunkertours.co.uk","2003-03-27"
"987","https://www.etherit.co.uk/ww2home.htm","etherit.co.uk","2004-08-27"
"988","https://cornarx.6te.net/","cornarx.6te.net","2005-01-27"
"989","https://www.diskman.com/presents/supersango/","diskman.com","1997-03-24"
"990","https://www.cke1st.com/","cke1st.com","2006-05-20"
"991","https://www.videogameobsession.com/neogeo/sound/","",""
"992","https://redhill.net.au/ig.php","",""
"993","https://www.stinkymeat.net/stinkymeat/day1/","stinkymeat.net","2000-04-21"
"994","https://www.tylersterritory.com/","",""
"995","https://www.amazeworld.com/","",""
"996","http://boredmob.com/cm/aquariums/diy.htm","boredmob.com","2010-11-15"
"997","https://moonwater.com/","moonwater.com","1996-03-12"
"998","https://www.cs.uni.edu/~mccormic/humor.html","cs.uni.edu","1989-07-31"
"999","https://www.jwz.org/tent-of-doom/","jwz.org","1998-08-03"
"1000","https://stewart.sdsu.edu/","stewart.sdsu.edu","1986-07-10"
"1001","https://www.furtoonia.net/","furtoonia.net","1999-02-09"
"1002","https://www.ghostresearch.org/ghostpics/","",""
"1003","https://www.radiocraft.co.uk/vintage_television/index.shtml","radiocraft.co.uk","2000-04-11"
"1004","https://www.latinamericanstudies.org/","latinamericanstudies.org","2003-03-12"
"1005","https://ditchdog.org/","ditchdog.org","2024-03-06"
"1006","http://textfiles.com/etext/FICTION/charlema","",""
"1007","https://www.poetsoftware.no/mods/descent_ii/","poetsoftware.no","2006-03-10"
"1008","https://www.hayseed.net/~jpk5lad/Hospital_Story/Stories.htm","hayseed.net","1996-11-02"
"1009","https://planecrashinfo.com/","planecrashinfo.com","1999-10-13"
"1010","https://www.pbs.org/wgbh/nova/tothemoon/","pbs.org","1995-04-19"
"1011","https://www.abelard.org/france/cathedral-construction.php","",""
"1012","https://www.dochertyfamily.com/zamboni.htm","dochertyfamily.com","1999-08-13"
"1013","https://adequate.com/lego/creations/","",""
"1014","http://spiff.rit.edu/classes/phys235/no_moon/no_moon.html","spiff.rit.edu","1988-04-21"
"1015","https://antiqueradio.org/","",""
"1016","https://davar.net/","davar.net","1999-05-15"
"1017","http://www.krysstal.com/chem.html","krysstal.com","2000-06-16"
"1018","http://legalhistorysources.com/Law508/InnocentGuilty.htm","legalhistorysources.com","2016-08-16"
"1019","http://www.486dx.net/phreaking/tnpayphones.html","486dx.net","2023-07-06"
"1020","https://thebestmotherfucking.website/","thebestmotherfucking.website","2016-05-25"
"1021","https://hea-www.harvard.edu/~fine/Observatory/computers.html","",""
"1022","http://www.patinastreasures.com/themes.shtml","patinastreasures.com","2001-08-22"
"1023","https://www.lileks.com/institute/gallery/international/1.html","lileks.com","1998-04-23"
"1024","https://www.chrismcovell.com/","chrismcovell.com","2003-12-01"
"1025","https://origamiboulder.com/","origamiboulder.com","2002-05-03"
"1026","https://www.koyagi.com/","koyagi.com","2001-06-21"
"1027","http://www.hardcoregaming101.net/cvbackup/","hardcoregaming101.net","2009-07-08"
"1028","https://keyhut.com/pos.htm","",""
"1029","https://www.romeartlover.it/Masks.html","romeartlover.it","2001-08-22"
"1030","https://sacrificeyoursanity.neocities.org/","sacrificeyoursanity.neocities.org","2013-05-24"
"1031","http://users.rcn.com/hgomberg/HERE.html","",""
"1032","https://www.tms.org//pubs/journals/jom/0212/roncone-0212.html","tms.org","1994-01-28"
"1033","https://www.contemplator.com/","contemplator.com","1998-01-06"
"1034","https://tilde.club/~phcordner/","tilde.club","2014-09-30"
"1035","https://www.oriwiki.com/","oriwiki.com","2007-02-16"
"1036","https://copters.com/","copters.com","1995-11-17"
"1037","https://www.oberf.org/sobe_stories1.htm","oberf.org","1999-04-02"
"1038","https://davidwonn.kontek.net/n64.html","davidwonn.kontek.net","1998-12-03"
"1039","https://catholicharboroffaithandmorals.com/","catholicharboroffaithandmorals.com","2007-08-31"
"1040","https://andyljones.com/posts/bread.html","andyljones.com","2019-03-18"
"1041","https://www.nmr.org/","nmr.org","1997-07-07"
"1042","https://www.ecclesiadei.org/index.html","ecclesiadei.org","1997-09-24"
"1043","https://19100.neocities.org/gallery/king","",""
"1044","https://www.pdacortex.com/","",""
"1045","https://www.markheadrick.com/midi.php","markheadrick.com","2004-03-07"
"1046","http://www.eviloverlord.com/lists/overlord.html","eviloverlord.com","1998-02-13"
"1047","http://www.thedodgegarage.com/","thedodgegarage.com","2001-08-22"
"1048","https://www.janefancher.com/htmfiles/Misc/","janefancher.com","2009-03-31"
"1049","https://www.historyofwar.org/","historyofwar.org","2005-04-13"
"1050","https://tnca.myrmid.com/","tnca.myrmid.com","2001-02-26"
"1051","https://www.simoneklemm.de/","",""
"1052","https://flash.esva.net/","flash.esva.net","1995-04-17"
"1053","https://www.ancient-egypt.co.uk/","",""
"1054","http://the-stewardship.org/watch-cen.htm","the-stewardship.org","1998-11-24"
"1055","https://www.cthulhufiles.com/","cthulhufiles.com","2006-10-27"
"1056","https://familyfollies.xyz/","familyfollies.xyz","2020-06-20"
"1057","http://wisdomgoddess.faithweb.com/","wisdomgoddess.faithweb.com","1998-06-18"
"1058","https://users.tmok.com/","",""
"1059","https://associativemusic.com/","",""
"1060","https://bbblog.haliya.net/","bbblog.haliya.net","2018-11-24"
"1061","https://www.russianspaceweb.com/","russianspaceweb.com","2000-10-07"
"1062","http://www.charlesmartinet.com/voiceover.html","charlesmartinet.com","1999-06-02"
"1063","https://www.fossilmuseum.net/","fossilmuseum.net","2001-09-17"
"1064","https://icm.museum/","icm.museum","2020-06-20"
"1065","http://londonbusroutes.net/","londonbusroutes.net","2000-08-25"
"1066","http://driber.net/homepage/frames.html","driber.net","2008-07-30"
"1067","https://home.hiwaay.net/%7Ejalison/","home.hiwaay.net","1995-02-13"
"1068","https://www.zakon.org/robert/internet/timeline/","",""
"1069","https://www.cs.cmu.edu/~mjw/recipes/ethnic/historical/ant-rom-coll.html","cs.cmu.edu","1985-04-24"
"1070","https://www.ntticc.or.jp/pub/ic_mag/iecontents_e.html","",""
"1071","https://dreamcult.xyz/","dreamcult.xyz","2021-07-26"
"1072","https://mud.co.uk/richard/","mud.co.uk","1997-09-06"
"1073","https://www.pennoaks.net/archive64/Archive_64.htm","",""
"1074","https://www.xanthos.se/~joachim/collection.html","xanthos.se","2003-04-30"
"1075","https://theshadowlands.net/creature.htm","theshadowlands.net","1998-10-10"
"1076","http://webarchive.me/geocities/CapitolHill/Congress/1244/","webarchive.me","2025-05-30"
"1077","https://wichm.home.xs4all.nl/filmsize.html","wichm.home.xs4all.nl","1994-08-07"
"1078","https://bmh.neocities.org/","bmh.neocities.org","2013-05-24"
"1079","http://www.bigear.org/CSMO/HTML/CS09/cs09p05.htm","",""
"1080","https://trinity.whsites.net/tomb/","",""
"1081","https://apod.nasa.gov/apod/astropix.html","",""
"1082","https://wermenh.com/index.html","wermenh.com","2007-05-04"
"1083","https://www.silverhillala.com/judith/home.html","silverhillala.com","2008-05-07"
"1084","https://www.fdnytrucks.com/","fdnytrucks.com","2001-01-23"
"1085","http://holodeck.virand.com/","holodeck.virand.com","2001-03-15"
"1086","https://www.asahi-net.or.jp/~ea8a-tkkw/shimura.html","",""
"1087","https://omolini.steptail.com/","omolini.steptail.com","2007-05-17"
"1088","http://webarchive.me/geocities/TimesSquare/Alley/1111/","webarchive.me","2025-05-30"
"1089","http://www.bookmice.net/","bookmice.net","2002-08-10"
"1090","http://www.deth.com/","deth.com","1995-01-10"
"1091","https://cbladey.com/artcars/cardot/cardotswow.html","cbladey.com","2000-11-01"
"1092","https://hungariae.com/","hungariae.com","2008-07-05"
"1093","https://mxc.ch/","",""
"1094","https://fryshouse.neocities.org/","fryshouse.neocities.org","2013-05-24"
"1095","http://www.worldint.com/science/bakelite.html","worldint.com","1995-08-02"
"1096","https://www.conneautohio.us/","conneautohio.us","2005-12-29"
"1097","https://randomhoohaas.flyingomelette.com/rah/","randomhoohaas.flyingomelette.com","2003-01-19"
"1098","https://www.acolumbinesite.com/","",""
"1099","http://www.hawaiihighways.com/","hawaiihighways.com","2002-01-16"
"1100","https://10kb.neocities.org/","10kb.neocities.org","2013-05-24"
"1101","https://aralsheart.nekoweb.org/","",""
"1102","http://www.mjyoung.net/time/","mjyoung.net","2003-01-02"
"1103","http://reviews.20m.com/","reviews.20m.com","2000-02-16"
"1104","https://castlecyberskull.neocities.org/","castlecyberskull.neocities.org","2013-05-24"
"1105","https://sca.uwaterloo.ca/~praetzel/Ontario/Bruce-Peninsula.html","sca.uwaterloo.ca","2000-09-20"
"1106","http://webarchive.me/geocities/Baja/Cliffs/1120/","webarchive.me","2025-05-30"
"1107","https://www.math.columbia.edu/~bayer/Chitarra/","",""
"1108","http://inthe80s.com/","inthe80s.com","1999-05-20"
"1109","https://www.math.uni-bielefeld.de/~sillke/Twister/fun/elevator-fun90.html","",""
"1110","https://blackironprison.com/","blackironprison.com","2014-05-11"
"1111","https://www.learnchoralmusic.co.uk/complist.html","learnchoralmusic.co.uk","2009-12-30"
"1112","https://dhmo.org/","dhmo.org","1999-07-02"
"1113","https://www.zompist.com/amercult.html","zompist.com","1999-01-10"
"1114","https://mathlair.allfunandgames.ca/tictactoe.php","mathlair.allfunandgames.ca","2010-05-17"
"1115","https://www.ilovegetsmart.com/","",""
"1116","https://www.theragens.com/","theragens.com","1999-11-24"
"1117","http://homepage.eircom.net/~wipeout/site/wip3out/","homepage.eircom.net","1998-11-26"
"1118","https://theshadowlands.net/places/","theshadowlands.net","1998-10-10"
"1119","https://www.fotw.info/flags/kr_hist.html","fotw.info","2001-09-18"
"1120","https://splatterhouse.kontek.net/games.html","splatterhouse.kontek.net","1998-12-03"
"1121","https://tecfa.unige.ch/moo/tecfamoo.html","",""
"1122","https://omick.net/","omick.net","2000-11-10"
"1123","https://www.deater.net/susie/","deater.net","2000-12-16"
"1124","https://www.andrews-corner.org/nursing.html","",""
"1125","https://www.gradeinflation.com/Ohiostate.html","gradeinflation.com","2003-01-07"
"1126","https://www.crystalinks.com/romewomen.html","crystalinks.com","1997-09-12"
"1127","https://www.gamezero.com/team-0/articles/math_magic/micro/","gamezero.com","1995-04-29"
"1128","https://www.smuggled.com/","smuggled.com","1997-01-11"
"1129","https://www.idiot.vitebsk.net/i43/sun_english.htm","idiot.vitebsk.net","1999-09-15"
"1130","https://people.eecs.berkeley.edu/~bh/hackers.html","people.eecs.berkeley.edu","1985-04-24"
"1131","https://khzae.net/","khzae.net","2017-07-17"